fish,bl
Pseed1,13.275946055073291
Pseed5,12.746994654648006
Pseed6,12.637208451982588
